{
  "summary": {
    "MedMCQA_validation": {
      "accuracy": 0.562015503875969,
      "accuracy_ci": [
        0.5472383720930233,
        0.5767926356589147
      ],
      "num_correct": 2320,
      "total_examples": 4128,
      "num_answered": 2310
    },
    "MedQA_USLME_test": {
      "accuracy": 0.5969793322734499,
      "accuracy_ci": [
        0.5707273449920509,
        0.6255961844197139
      ],
      "num_correct": 751,
      "total_examples": 1258,
      "num_answered": 729
    },
    "PubMedQA_test": {
      "accuracy": 0.7639311043566362,
      "accuracy_ci": [
        0.7365754812563323,
        0.7892603850050659
      ],
      "num_correct": 754,
      "total_examples": 987,
      "num_answered": 751
    },
    "MMLU-Pro_Medical_test": {
      "accuracy": 0.5859117840684661,
      "accuracy_ci": [
        0.5621955233706386,
        0.6122448979591837
      ],
      "num_correct": 890,
      "total_examples": 1519,
      "num_answered": 880
    },
    "GPQA_Medical_test": {
      "accuracy": 0.41621621621621624,
      "accuracy_ci": [
        0.36486486486486486,
        0.4648648648648649
      ],
      "num_correct": 153,
      "total_examples": 370,
      "num_answered": 154
    }
  }
}