{
  "summary": {
    "MedMCQA_validation": {
      "accuracy": 0.5581395348837209,
      "accuracy_ci": [
        0.5431140988372093,
        0.5729166666666666
      ],
      "num_correct": 2304,
      "total_examples": 4128,
      "num_answered": 2297
    },
    "MedQA_USLME_test": {
      "accuracy": 0.6009538950715422,
      "accuracy_ci": [
        0.5739069952305247,
        0.6271860095389508
      ],
      "num_correct": 756,
      "total_examples": 1258,
      "num_answered": 709
    },
    "PubMedQA_test": {
      "accuracy": 0.7771023302938197,
      "accuracy_ci": [
        0.7507598784194529,
        0.8024316109422492
      ],
      "num_correct": 767,
      "total_examples": 987,
      "num_answered": 755
    },
    "MMLU-Pro_Medical_test": {
      "accuracy": 0.5845951283739302,
      "accuracy_ci": [
        0.5589203423304806,
        0.6089697169190257
      ],
      "num_correct": 888,
      "total_examples": 1519,
      "num_answered": 881
    },
    "GPQA_Medical_test": {
      "accuracy": 0.4010810810810813,
      "accuracy_ci": [
        0.38,
        0.4243243243243243
      ],
      "num_correct": 156,
      "total_examples": 370,
      "num_answered": 154,
      "majority_vote_accuracy": 0.42162162162162165
    }
  }
}