{
  "summary": {
    "MedMCQA_validation": {
      "accuracy": 0.561531007751938,
      "accuracy_ci": [
        0.5440891472868217,
        0.5736434108527132
      ],
      "num_correct": 2305,
      "total_examples": 4128,
      "num_answered": 2318
    },
    "MedQA_USLME_test": {
      "accuracy": 0.6661367249602543,
      "accuracy_ci": [
        0.6383147853736089,
        0.6899841017488076
      ],
      "num_correct": 837,
      "total_examples": 1258,
      "num_answered": 838
    },
    "PubMedQA_test": {
      "accuracy": 0.7781155015197568,
      "accuracy_ci": [
        0.7517477203647417,
        0.8024316109422492
      ],
      "num_correct": 768,
      "total_examples": 987,
      "num_answered": 768
    },
    "MMLU-Pro_Medical_test": {
      "accuracy": 0.5793285055957867,
      "accuracy_ci": [
        0.5556122448979592,
        0.6050197498354181
      ],
      "num_correct": 880,
      "total_examples": 1519,
      "num_answered": 879
    },
    "GPQA_Medical_test": {
      "accuracy": 0.5162162162162162,
      "accuracy_ci": [
        0.46216216216216216,
        0.5676351351351351
      ],
      "num_correct": 191,
      "total_examples": 370,
      "num_answered": 188
    }
  }
}