{
  "summary": {
    "MedMCQA_validation": {
      "accuracy": 0.6356589147286822,
      "accuracy_ci": [
        0.6218447189922481,
        0.6497153585271318
      ],
      "num_correct": 2624,
      "total_examples": 4128,
      "num_answered": 2623
    },
    "MedQA_USLME_test": {
      "accuracy": 0.7694753577106518,
      "accuracy_ci": [
        0.7456081081081082,
        0.7917527821939586
      ],
      "num_correct": 968,
      "total_examples": 1258,
      "num_answered": 959
    },
    "PubMedQA_test": {
      "accuracy": 0.7963525835866262,
      "accuracy_ci": [
        0.7710233029381965,
        0.818693009118541
      ],
      "num_correct": 786,
      "total_examples": 987,
      "num_answered": 786
    },
    "MMLU-Pro_Medical_test": {
      "accuracy": 0.6524028966425279,
      "accuracy_ci": [
        0.6293449637919685,
        0.6774193548387096
      ],
      "num_correct": 991,
      "total_examples": 1519,
      "num_answered": 991
    },
    "GPQA_Medical_test": {
      "accuracy": 0.538918918918919,
      "accuracy_ci": [
        0.5135135135135135,
        0.5610810810810811
      ],
      "num_correct": 202,
      "total_examples": 370,
      "num_answered": 202,
      "majority_vote_accuracy": 0.5459459459459459
    }
  }
}