{
  "summary": {
    "MedMCQA_validation": {
      "accuracy": 0.561531007751938,
      "accuracy_ci": [
        0.5462633236434109,
        0.5753391472868217
      ],
      "num_correct": 2318,
      "total_examples": 4128,
      "num_answered": 2306
    },
    "MedQA_USLME_test": {
      "accuracy": 0.6057233704292527,
      "accuracy_ci": [
        0.5779014308426074,
        0.6311605723370429
      ],
      "num_correct": 762,
      "total_examples": 1258,
      "num_answered": 716
    },
    "PubMedQA_test": {
      "accuracy": 0.7700101317122594,
      "accuracy_ci": [
        0.7446555217831814,
        0.7963525835866262
      ],
      "num_correct": 760,
      "total_examples": 987,
      "num_answered": 756
    },
    "MMLU-Pro_Medical_test": {
      "accuracy": 0.5826201448321264,
      "accuracy_ci": [
        0.5588874259381172,
        0.6076366030283081
      ],
      "num_correct": 885,
      "total_examples": 1519,
      "num_answered": 883
    },
    "GPQA_Medical_test": {
      "accuracy": 0.4189189189189189,
      "accuracy_ci": [
        0.37027027027027026,
        0.46756756756756757
      ],
      "num_correct": 155,
      "total_examples": 370,
      "num_answered": 151
    }
  }
}