{
  "summary": {
    "MedMCQA_validation": {
      "accuracy": 0.5608042635658915,
      "accuracy_ci": [
        0.5465116279069767,
        0.5760658914728682
      ],
      "num_correct": 2315,
      "total_examples": 4128,
      "num_answered": 2315
    },
    "MedQA_USLME_test": {
      "accuracy": 0.6279809220985691,
      "accuracy_ci": [
        0.6017289348171702,
        0.6558028616852146
      ],
      "num_correct": 790,
      "total_examples": 1258,
      "num_answered": 788
    },
    "PubMedQA_test": {
      "accuracy": 0.7821681864235056,
      "accuracy_ci": [
        0.756838905775076,
        0.8065096251266464
      ],
      "num_correct": 772,
      "total_examples": 987,
      "num_answered": 772
    },
    "MMLU-Pro_Medical_test": {
      "accuracy": 0.5832784726793944,
      "accuracy_ci": [
        0.5602369980250165,
        0.6063199473337723
      ],
      "num_correct": 886,
      "total_examples": 1519,
      "num_answered": 885
    },
    "GPQA_Medical_test": {
      "accuracy": 0.5216216216216216,
      "accuracy_ci": [
        0.4702702702702703,
        0.5757432432432432
      ],
      "num_correct": 193,
      "total_examples": 370,
      "num_answered": 190
    }
  }
}