{
  "summary": {
    "MedMCQA_validation": {
      "accuracy": 0.5869670542635659,
      "accuracy_ci": [
        0.5709786821705426,
        0.6002906976744186
      ],
      "num_correct": 2420,
      "total_examples": 4128,
      "num_answered": 2423
    },
    "MedQA_USLME_test": {
      "accuracy": 0.6828298887122417,
      "accuracy_ci": [
        0.6573926868044515,
        0.7090620031796503
      ],
      "num_correct": 859,
      "total_examples": 1258,
      "num_answered": 854
    },
    "PubMedQA_test": {
      "accuracy": 0.7629179331306991,
      "accuracy_ci": [
        0.7365754812563323,
        0.790273556231003
      ],
      "num_correct": 753,
      "total_examples": 987,
      "num_answered": 753
    },
    "MMLU-Pro_Medical_test": {
      "accuracy": 0.5845951283739302,
      "accuracy_ci": [
        0.5595622119815669,
        0.6083113890717577
      ],
      "num_correct": 887,
      "total_examples": 1519,
      "num_answered": 888
    },
    "GPQA_Medical_test": {
      "accuracy": 0.4756756756756757,
      "accuracy_ci": [
        0.41621621621621624,
        0.518918918918919
      ],
      "num_correct": 173,
      "total_examples": 370,
      "num_answered": 176
    }
  }
}