{
  "summary": {
    "MedMCQA_validation": {
      "accuracy": 0.5702519379844961,
      "accuracy_ci": [
        0.5547480620155039,
        0.5852773740310078
      ],
      "num_correct": 2354,
      "total_examples": 4128,
      "num_answered": 2354
    },
    "MedQA_USLME_test": {
      "accuracy": 0.6701112877583466,
      "accuracy_ci": [
        0.6414944356120826,
        0.6955683624801271
      ],
      "num_correct": 843,
      "total_examples": 1258,
      "num_answered": 843
    },
    "PubMedQA_test": {
      "accuracy": 0.7558257345491388,
      "accuracy_ci": [
        0.7274569402228976,
        0.7832066869300911
      ],
      "num_correct": 746,
      "total_examples": 987,
      "num_answered": 742
    },
    "MMLU-Pro_Medical_test": {
      "accuracy": 0.6076366030283081,
      "accuracy_ci": [
        0.5819618169848585,
        0.631336405529954
      ],
      "num_correct": 923,
      "total_examples": 1519,
      "num_answered": 920
    },
    "GPQA_Medical_test": {
      "accuracy": 0.5108108108108108,
      "accuracy_ci": [
        0.46216216216216216,
        0.5567567567567567
      ],
      "num_correct": 189,
      "total_examples": 370,
      "num_answered": 181
    }
  }
}