{
  "summary": {
    "MedMCQA_validation": {
      "accuracy": 0.5637112403100775,
      "accuracy_ci": [
        0.5479651162790697,
        0.5789728682170543
      ],
      "num_correct": 2327,
      "total_examples": 4128,
      "num_answered": 2327
    },
    "MedQA_USLME_test": {
      "accuracy": 0.6502384737678856,
      "accuracy_ci": [
        0.624781399046105,
        0.6764705882352942
      ],
      "num_correct": 818,
      "total_examples": 1258,
      "num_answered": 818
    },
    "PubMedQA_test": {
      "accuracy": 0.7700101317122594,
      "accuracy_ci": [
        0.7436676798378926,
        0.7983789260385005
      ],
      "num_correct": 760,
      "total_examples": 987,
      "num_answered": 759
    },
    "MMLU-Pro_Medical_test": {
      "accuracy": 0.5852534562211982,
      "accuracy_ci": [
        0.5589203423304806,
        0.6102863726135616
      ],
      "num_correct": 889,
      "total_examples": 1519,
      "num_answered": 889
    },
    "GPQA_Medical_test": {
      "accuracy": 0.4972972972972973,
      "accuracy_ci": [
        0.44594594594594594,
        0.5486486486486486
      ],
      "num_correct": 184,
      "total_examples": 370,
      "num_answered": 184
    }
  }
}