{
  "summary": {
    "MedMCQA_validation": {
      "accuracy": 0.5557170542635659,
      "accuracy_ci": [
        0.5394864341085271,
        0.5700096899224806
      ],
      "num_correct": 2294,
      "total_examples": 4128,
      "num_answered": 2294
    },
    "MedQA_USLME_test": {
      "accuracy": 0.6502384737678856,
      "accuracy_ci": [
        0.6255763116057235,
        0.6764904610492846
      ],
      "num_correct": 818,
      "total_examples": 1258,
      "num_answered": 818
    },
    "PubMedQA_test": {
      "accuracy": 0.7436676798378926,
      "accuracy_ci": [
        0.7152988855116514,
        0.7710233029381965
      ],
      "num_correct": 734,
      "total_examples": 987,
      "num_answered": 734
    },
    "MMLU-Pro_Medical_test": {
      "accuracy": 0.586570111915734,
      "accuracy_ci": [
        0.5608953258722844,
        0.6115865701119158
      ],
      "num_correct": 891,
      "total_examples": 1519,
      "num_answered": 886
    },
    "GPQA_Medical_test": {
      "accuracy": 0.518918918918919,
      "accuracy_ci": [
        0.46756756756756757,
        0.572972972972973
      ],
      "num_correct": 192,
      "total_examples": 370,
      "num_answered": 192
    }
  }
}