{
  "summary": {
    "MedMCQA_validation": {
      "accuracy": 0.5612887596899225,
      "accuracy_ci": [
        0.5462693798449613,
        0.5760658914728682
      ],
      "num_correct": 2317,
      "total_examples": 4128,
      "num_answered": 2311
    },
    "MedQA_USLME_test": {
      "accuracy": 0.6542130365659777,
      "accuracy_ci": [
        0.6279809220985691,
        0.6804650238473767
      ],
      "num_correct": 823,
      "total_examples": 1258,
      "num_answered": 823
    },
    "PubMedQA_test": {
      "accuracy": 0.75177304964539,
      "accuracy_ci": [
        0.7254305977710233,
        0.7771023302938197
      ],
      "num_correct": 742,
      "total_examples": 987,
      "num_answered": 742
    },
    "MMLU-Pro_Medical_test": {
      "accuracy": 0.587228439763002,
      "accuracy_ci": [
        0.5615536537195523,
        0.6142198815009875
      ],
      "num_correct": 892,
      "total_examples": 1519,
      "num_answered": 892
    },
    "GPQA_Medical_test": {
      "accuracy": 0.4902702702702698,
      "accuracy_ci": [
        0.46539189189189195,
        0.514054054054054
      ],
      "num_correct": 192,
      "total_examples": 370,
      "num_answered": 190,
      "majority_vote_accuracy": 0.518918918918919
    }
  }
}