{
  "summary": {
    "MedMCQA_validation": {
      "accuracy": 0.5431201550387597,
      "accuracy_ci": [
        0.5273679748062016,
        0.559593023255814
      ],
      "num_correct": 2242,
      "total_examples": 4128,
      "num_answered": 2189
    },
    "MedQA_USLME_test": {
      "accuracy": 0.5906200317965024,
      "accuracy_ci": [
        0.5627980922098569,
        0.6176470588235294
      ],
      "num_correct": 743,
      "total_examples": 1258,
      "num_answered": 722
    },
    "PubMedQA_test": {
      "accuracy": 0.7386018237082067,
      "accuracy_ci": [
        0.7112462006079028,
        0.7629432624113475
      ],
      "num_correct": 729,
      "total_examples": 987,
      "num_answered": 714
    },
    "MMLU-Pro_Medical_test": {
      "accuracy": 0.6069782751810402,
      "accuracy_ci": [
        0.5799868334430547,
        0.6339697169190257
      ],
      "num_correct": 922,
      "total_examples": 1519,
      "num_answered": 860
    },
    "GPQA_Medical_test": {
      "accuracy": 0.46756756756756757,
      "accuracy_ci": [
        0.41614864864864876,
        0.5189864864864865
      ],
      "num_correct": 173,
      "total_examples": 370,
      "num_answered": 166
    }
  }
}