{
  "summary": {
    "MedMCQA_validation": {
      "accuracy": 0.5695251937984496,
      "accuracy_ci": [
        0.5549842538759691,
        0.5845445736434108
      ],
      "num_correct": 2351,
      "total_examples": 4128,
      "num_answered": 2351
    },
    "MedQA_USLME_test": {
      "accuracy": 0.6605723370429253,
      "accuracy_ci": [
        0.6335254372019078,
        0.6868044515103339
      ],
      "num_correct": 831,
      "total_examples": 1258,
      "num_answered": 830
    },
    "PubMedQA_test": {
      "accuracy": 0.7720364741641338,
      "accuracy_ci": [
        0.7467071935157041,
        0.7963525835866262
      ],
      "num_correct": 762,
      "total_examples": 987,
      "num_answered": 762
    },
    "MMLU-Pro_Medical_test": {
      "accuracy": 0.5740618828176431,
      "accuracy_ci": [
        0.5470704410796576,
        0.5984200131665569
      ],
      "num_correct": 872,
      "total_examples": 1519,
      "num_answered": 872
    },
    "GPQA_Medical_test": {
      "accuracy": 0.4702702702702704,
      "accuracy_ci": [
        0.4480810810810811,
        0.4918918918918919
      ],
      "num_correct": 188,
      "total_examples": 370,
      "num_answered": 188,
      "majority_vote_accuracy": 0.5081081081081081
    }
  }
}