{
  "summary": {
    "MedMCQA_validation": {
      "accuracy": 0.563468992248062,
      "accuracy_ci": [
        0.5482013081395349,
        0.5784883720930233
      ],
      "num_correct": 2326,
      "total_examples": 4128,
      "num_answered": 2326
    },
    "MedQA_USLME_test": {
      "accuracy": 0.6788553259141494,
      "accuracy_ci": [
        0.6534181240063593,
        0.7058823529411765
      ],
      "num_correct": 854,
      "total_examples": 1258,
      "num_answered": 854
    },
    "PubMedQA_test": {
      "accuracy": 0.7882472137791287,
      "accuracy_ci": [
        0.7629179331306991,
        0.8145896656534954
      ],
      "num_correct": 778,
      "total_examples": 987,
      "num_answered": 778
    },
    "MMLU-Pro_Medical_test": {
      "accuracy": 0.5839368005266623,
      "accuracy_ci": [
        0.5589203423304806,
        0.6076366030283081
      ],
      "num_correct": 887,
      "total_examples": 1519,
      "num_answered": 887
    },
    "GPQA_Medical_test": {
      "accuracy": 0.5459459459459459,
      "accuracy_ci": [
        0.4945945945945946,
        0.5945945945945946
      ],
      "num_correct": 202,
      "total_examples": 370,
      "num_answered": 202
    }
  }
}