{
  "summary": {
    "MedMCQA_validation": {
      "accuracy": 0.5540213178294574,
      "accuracy_ci": [
        0.5389958817829458,
        0.5683200096899225
      ],
      "num_correct": 2287,
      "total_examples": 4128,
      "num_answered": 2284
    },
    "MedQA_USLME_test": {
      "accuracy": 0.6311605723370429,
      "accuracy_ci": [
        0.6057233704292527,
        0.6573926868044515
      ],
      "num_correct": 794,
      "total_examples": 1258,
      "num_answered": 794
    },
    "PubMedQA_test": {
      "accuracy": 0.7416413373860182,
      "accuracy_ci": [
        0.7163120567375887,
        0.7700101317122594
      ],
      "num_correct": 732,
      "total_examples": 987,
      "num_answered": 732
    },
    "MMLU-Pro_Medical_test": {
      "accuracy": 0.5536537195523371,
      "accuracy_ci": [
        0.5286208031599737,
        0.5773699802501646
      ],
      "num_correct": 841,
      "total_examples": 1519,
      "num_answered": 841
    },
    "GPQA_Medical_test": {
      "accuracy": 0.5054054054054054,
      "accuracy_ci": [
        0.45675675675675675,
        0.5567567567567567
      ],
      "num_correct": 187,
      "total_examples": 370,
      "num_answered": 187
    }
  }
}