{
  "summary": {
    "MedMCQA_validation": {
      "accuracy": 0.5535368217054264,
      "accuracy_ci": [
        0.5380268895348838,
        0.5697674418604651
      ],
      "num_correct": 2285,
      "total_examples": 4128,
      "num_answered": 2285
    },
    "MedQA_USLME_test": {
      "accuracy": 0.6224165341812401,
      "accuracy_ci": [
        0.595389507154213,
        0.650258346581876
      ],
      "num_correct": 783,
      "total_examples": 1258,
      "num_answered": 783
    },
    "PubMedQA_test": {
      "accuracy": 0.7467071935157041,
      "accuracy_ci": [
        0.7193262411347519,
        0.7740628166160081
      ],
      "num_correct": 737,
      "total_examples": 987,
      "num_answered": 737
    },
    "MMLU-Pro_Medical_test": {
      "accuracy": 0.5641869651086241,
      "accuracy_ci": [
        0.5398288347597103,
        0.5872448979591837
      ],
      "num_correct": 857,
      "total_examples": 1519,
      "num_answered": 857
    },
    "GPQA_Medical_test": {
      "accuracy": 0.45189189189189194,
      "accuracy_ci": [
        0.42864864864864866,
        0.4762297297297297
      ],
      "num_correct": 161,
      "total_examples": 370,
      "num_answered": 161,
      "majority_vote_accuracy": 0.43513513513513513
    }
  }
}