{
  "summary": {
    "MedMCQA_validation": {
      "accuracy": 0.5237403100775194,
      "accuracy_ci": [
        0.5089571220930232,
        0.5390019379844961
      ],
      "num_correct": 2162,
      "total_examples": 4128,
      "num_answered": 2153
    },
    "MedQA_USLME_test": {
      "accuracy": 0.595389507154213,
      "accuracy_ci": [
        0.568362480127186,
        0.6232313195548489
      ],
      "num_correct": 749,
      "total_examples": 1258,
      "num_answered": 748
    },
    "PubMedQA_test": {
      "accuracy": 0.6889564336372846,
      "accuracy_ci": [
        0.6585359675785208,
        0.7173252279635258
      ],
      "num_correct": 680,
      "total_examples": 987,
      "num_answered": 680
    },
    "MMLU-Pro_Medical_test": {
      "accuracy": 0.587228439763002,
      "accuracy_ci": [
        0.5634957208689928,
        0.6102699144173799
      ],
      "num_correct": 892,
      "total_examples": 1519,
      "num_answered": 888
    },
    "GPQA_Medical_test": {
      "accuracy": 0.42162162162162165,
      "accuracy_ci": [
        0.3675675675675676,
        0.4702702702702703
      ],
      "num_correct": 156,
      "total_examples": 370,
      "num_answered": 156
    }
  }
}