{
  "summary": {
    "MedMCQA_validation": {
      "accuracy": 0.5806686046511628,
      "accuracy_ci": [
        0.5658914728682171,
        0.5954457364341085
      ],
      "num_correct": 2397,
      "total_examples": 4128,
      "num_answered": 2397
    },
    "MedQA_USLME_test": {
      "accuracy": 0.6351351351351351,
      "accuracy_ci": [
        0.6089030206677265,
        0.6637519872813991
      ],
      "num_correct": 799,
      "total_examples": 1258,
      "num_answered": 799
    },
    "PubMedQA_test": {
      "accuracy": 0.7588652482269503,
      "accuracy_ci": [
        0.7304964539007093,
        0.7852077001013171
      ],
      "num_correct": 749,
      "total_examples": 987,
      "num_answered": 749
    },
    "MMLU-Pro_Medical_test": {
      "accuracy": 0.5661619486504279,
      "accuracy_ci": [
        0.5411454904542462,
        0.5905200789993417
      ],
      "num_correct": 860,
      "total_examples": 1519,
      "num_answered": 860
    },
    "GPQA_Medical_test": {
      "accuracy": 0.5216216216216216,
      "accuracy_ci": [
        0.4702702702702703,
        0.5756756756756757
      ],
      "num_correct": 193,
      "total_examples": 370,
      "num_answered": 191
    }
  }
}