{
  "summary": {
    "MedMCQA_validation": {
      "accuracy": 0.5576550387596899,
      "accuracy_ci": [
        0.5431201550387597,
        0.5721899224806202
      ],
      "num_correct": 2302,
      "total_examples": 4128,
      "num_answered": 2302
    },
    "MedQA_USLME_test": {
      "accuracy": 0.6176470588235294,
      "accuracy_ci": [
        0.5914149443561209,
        0.6430842607313195
      ],
      "num_correct": 777,
      "total_examples": 1258,
      "num_answered": 777
    },
    "PubMedQA_test": {
      "accuracy": 0.756838905775076,
      "accuracy_ci": [
        0.729483282674772,
        0.78419452887538
      ],
      "num_correct": 747,
      "total_examples": 987,
      "num_answered": 747
    },
    "MMLU-Pro_Medical_test": {
      "accuracy": 0.5687952600394997,
      "accuracy_ci": [
        0.5444371296905859,
        0.5924950625411455
      ],
      "num_correct": 864,
      "total_examples": 1519,
      "num_answered": 858
    },
    "GPQA_Medical_test": {
      "accuracy": 0.4497297297297302,
      "accuracy_ci": [
        0.42648648648648646,
        0.47297297297297297
      ],
      "num_correct": 169,
      "total_examples": 370,
      "num_answered": 169,
      "majority_vote_accuracy": 0.45675675675675675
    }
  }
}