{
  "summary": {
    "MedMCQA_validation": {
      "accuracy": 0.5462693798449613,
      "accuracy_ci": [
        0.5310077519379846,
        0.5612887596899225
      ],
      "num_correct": 2255,
      "total_examples": 4128,
      "num_answered": 2255
    },
    "MedQA_USLME_test": {
      "accuracy": 0.6335453100158982,
      "accuracy_ci": [
        0.6080882352941177,
        0.6605723370429253
      ],
      "num_correct": 797,
      "total_examples": 1258,
      "num_answered": 797
    },
    "PubMedQA_test": {
      "accuracy": 0.7345491388044579,
      "accuracy_ci": [
        0.707193515704154,
        0.7619047619047619
      ],
      "num_correct": 725,
      "total_examples": 987,
      "num_answered": 725
    },
    "MMLU-Pro_Medical_test": {
      "accuracy": 0.5701119157340355,
      "accuracy_ci": [
        0.5457537853851218,
        0.5944700460829493
      ],
      "num_correct": 866,
      "total_examples": 1519,
      "num_answered": 866
    },
    "GPQA_Medical_test": {
      "accuracy": 0.4621621621621617,
      "accuracy_ci": [
        0.43945945945945947,
        0.48541891891891886
      ],
      "num_correct": 177,
      "total_examples": 370,
      "num_answered": 177,
      "majority_vote_accuracy": 0.4783783783783784
    }
  }
}