{
  "summary": {
    "MedMCQA_validation": {
      "accuracy": 0.5765503875968992,
      "accuracy_ci": [
        0.562015503875969,
        0.5920603197674419
      ],
      "num_correct": 2380,
      "total_examples": 4128,
      "num_answered": 2380
    },
    "MedQA_USLME_test": {
      "accuracy": 0.670906200317965,
      "accuracy_ci": [
        0.6462440381558029,
        0.6971383147853736
      ],
      "num_correct": 844,
      "total_examples": 1258,
      "num_answered": 844
    },
    "PubMedQA_test": {
      "accuracy": 0.7355623100303952,
      "accuracy_ci": [
        0.7071681864235057,
        0.7629179331306991
      ],
      "num_correct": 726,
      "total_examples": 987,
      "num_answered": 726
    },
    "MMLU-Pro_Medical_test": {
      "accuracy": 0.6017116524028966,
      "accuracy_ci": [
        0.576036866359447,
        0.6260697827518104
      ],
      "num_correct": 914,
      "total_examples": 1519,
      "num_answered": 914
    },
    "GPQA_Medical_test": {
      "accuracy": 0.5135135135135135,
      "accuracy_ci": [
        0.4648648648648649,
        0.5648648648648649
      ],
      "num_correct": 190,
      "total_examples": 370,
      "num_answered": 190
    }
  }
}