{
  "summary": {
    "MedMCQA_validation": {
      "accuracy": 0.5588662790697675,
      "accuracy_ci": [
        0.5428779069767442,
        0.5738977713178294
      ],
      "num_correct": 2307,
      "total_examples": 4128,
      "num_answered": 2307
    },
    "MedQA_USLME_test": {
      "accuracy": 0.6216216216216216,
      "accuracy_ci": [
        0.5961844197138315,
        0.6462837837837837
      ],
      "num_correct": 782,
      "total_examples": 1258,
      "num_answered": 782
    },
    "PubMedQA_test": {
      "accuracy": 0.7416413373860182,
      "accuracy_ci": [
        0.7152988855116514,
        0.7659574468085106
      ],
      "num_correct": 732,
      "total_examples": 987,
      "num_answered": 732
    },
    "MMLU-Pro_Medical_test": {
      "accuracy": 0.5562870309414089,
      "accuracy_ci": [
        0.5312705727452272,
        0.5819618169848585
      ],
      "num_correct": 845,
      "total_examples": 1519,
      "num_answered": 840
    },
    "GPQA_Medical_test": {
      "accuracy": 0.43135135135135155,
      "accuracy_ci": [
        0.40864864864864864,
        0.4540540540540541
      ],
      "num_correct": 173,
      "total_examples": 370,
      "num_answered": 173,
      "majority_vote_accuracy": 0.46756756756756757
    }
  }
}