{
  "summary": {
    "MedMCQA_validation": {
      "accuracy": 0.5530523255813954,
      "accuracy_ci": [
        0.5373062015503876,
        0.5678355135658915
      ],
      "num_correct": 2283,
      "total_examples": 4128,
      "num_answered": 2283
    },
    "MedQA_USLME_test": {
      "accuracy": 0.6248012718600954,
      "accuracy_ci": [
        0.5977742448330684,
        0.6526430842607313
      ],
      "num_correct": 786,
      "total_examples": 1258,
      "num_answered": 786
    },
    "PubMedQA_test": {
      "accuracy": 0.7467071935157041,
      "accuracy_ci": [
        0.7203647416413373,
        0.7730496453900709
      ],
      "num_correct": 737,
      "total_examples": 987,
      "num_answered": 737
    },
    "MMLU-Pro_Medical_test": {
      "accuracy": 0.5470704410796576,
      "accuracy_ci": [
        0.5207373271889401,
        0.5707702435813035
      ],
      "num_correct": 831,
      "total_examples": 1519,
      "num_answered": 827
    },
    "GPQA_Medical_test": {
      "accuracy": 0.46,
      "accuracy_ci": [
        0.4362162162162162,
        0.48324324324324325
      ],
      "num_correct": 168,
      "total_examples": 370,
      "num_answered": 168,
      "majority_vote_accuracy": 0.4540540540540541
    }
  }
}