{
  "summary": {
    "MedMCQA_validation": {
      "accuracy": 0.5351259689922481,
      "accuracy_ci": [
        0.5205910852713178,
        0.5515988372093024
      ],
      "num_correct": 2209,
      "total_examples": 4128,
      "num_answered": 2199
    },
    "MedQA_USLME_test": {
      "accuracy": 0.6033386327503975,
      "accuracy_ci": [
        0.5763116057233705,
        0.6311605723370429
      ],
      "num_correct": 759,
      "total_examples": 1258,
      "num_answered": 759
    },
    "PubMedQA_test": {
      "accuracy": 0.756838905775076,
      "accuracy_ci": [
        0.7274569402228976,
        0.7811550151975684
      ],
      "num_correct": 747,
      "total_examples": 987,
      "num_answered": 744
    },
    "MMLU-Pro_Medical_test": {
      "accuracy": 0.5734035549703752,
      "accuracy_ci": [
        0.5464121132323897,
        0.5984200131665569
      ],
      "num_correct": 871,
      "total_examples": 1519,
      "num_answered": 871
    },
    "GPQA_Medical_test": {
      "accuracy": 0.4891891891891892,
      "accuracy_ci": [
        0.44047297297297305,
        0.5405405405405406
      ],
      "num_correct": 181,
      "total_examples": 370,
      "num_answered": 181
    }
  }
}