{
  "summary": {
    "MedMCQA_validation": {
      "accuracy": 0.5695251937984496,
      "accuracy_ci": [
        0.5549903100775194,
        0.5843023255813954
      ],
      "num_correct": 2351,
      "total_examples": 4128,
      "num_answered": 2350
    },
    "MedQA_USLME_test": {
      "accuracy": 0.6605723370429253,
      "accuracy_ci": [
        0.6351152623211447,
        0.6852344992050874
      ],
      "num_correct": 831,
      "total_examples": 1258,
      "num_answered": 829
    },
    "PubMedQA_test": {
      "accuracy": 0.7608915906788247,
      "accuracy_ci": [
        0.7355623100303952,
        0.7882472137791287
      ],
      "num_correct": 751,
      "total_examples": 987,
      "num_answered": 751
    },
    "MMLU-Pro_Medical_test": {
      "accuracy": 0.5668202764976958,
      "accuracy_ci": [
        0.54312047399605,
        0.5924950625411455
      ],
      "num_correct": 861,
      "total_examples": 1519,
      "num_answered": 861
    },
    "GPQA_Medical_test": {
      "accuracy": 0.5027027027027027,
      "accuracy_ci": [
        0.45135135135135135,
        0.5514189189189189
      ],
      "num_correct": 186,
      "total_examples": 370,
      "num_answered": 185
    }
  }
}