{
  "summary": {
    "MedMCQA_validation": {
      "accuracy": 0.4956395348837209,
      "accuracy_ci": [
        0.4813468992248062,
        0.5116279069767442
      ],
      "num_correct": 2046,
      "total_examples": 4128,
      "num_answered": 2046
    },
    "MedQA_USLME_test": {
      "accuracy": 0.5723370429252782,
      "accuracy_ci": [
        0.5453100158982512,
        0.5985691573926868
      ],
      "num_correct": 720,
      "total_examples": 1258,
      "num_answered": 720
    },
    "PubMedQA_test": {
      "accuracy": 0.7223910840932117,
      "accuracy_ci": [
        0.6919959473150963,
        0.7497467071935157
      ],
      "num_correct": 713,
      "total_examples": 987,
      "num_answered": 711
    },
    "MMLU-Pro_Medical_test": {
      "accuracy": 0.511520737327189,
      "accuracy_ci": [
        0.4858459512837393,
        0.5365371955233706
      ],
      "num_correct": 777,
      "total_examples": 1519,
      "num_answered": 770
    },
    "GPQA_Medical_test": {
      "accuracy": 0.4648648648648649,
      "accuracy_ci": [
        0.4135135135135135,
        0.518918918918919
      ],
      "num_correct": 172,
      "total_examples": 370,
      "num_answered": 160
    }
  }
}